Wash,Chrstine,kG7?'i)HwaT,Omboué,Kamo,Kasaoka
Emmet,Bohlmann,"wD2,lx\uYJk`OZ",Karukh,Liuheng,Papilawe
Bourke,Da Costa,aP7+{7M0`$tEJ,Pushkinskiye Gory,Ahmadpur Siāl,Independencia
August,McGall,xQ8'I'7*bnz,Pegongan,Carnaxide,San Antonio
Claudell,Lamden,oK5'dg<UU2ij,Mulhouse,Chiang Rai,Kasaoka
Massimo,Radleigh,lX8\PBUkn,La Cruz,Papilawe,Fengjia
Webb,Crosier,cR2$E>Fg=iH7,La Cruz,Liuyuan,Sungai Raya
Brandtr,Maddie,tR8&)6i$Rd,Lahan Sai,Carnaxide,Capim Grosso
Paquito,Spellman,nW9=kU%n.Arc0,Karukh,Belmullet,Duczki
Ethan,Radford,vE9{iut6wp,Qianchuan,Nuasepu,Papilawe
Mendel,Thickins,"aU0""*+_FoW1'icry",Koubia,Querocotillo,Dongluqiao
Cesar,Ivetts,oQ8}R55f/,Kvartsitnyy,Carnaxide,Papilawe
Ford,Loveitt,nG1(kK+JGY7f#,Xinzhaiping,Carnaxide,Kenscoff
Mill,Kemston,jY3)*qat|9?*a2+\,Kourou,Belmullet,Wiskitki
Crosby,Player,"tZ0*""WQC`?xZjeub",Huaqiao,Tabuadelo,Papilawe
Sal,Sage,iG6=m8LdS4+EC,Leiyang,Quartier Morin,Kičevo
Evelin,Chasen,xW8\i(N'!c,Kourou,Chiang Rai,Acopampa
Vince,Pecha,vJ2~Y|xqVa,Petoa,Guayaybi,Kasaoka
Merv,Berryann,aY7\W2ki4ZJ/N,Cibungur,Querocotillo,Limoncito
Gayler,Doggart,mP4=V106%,Cibungur,Taipingxi,Tangkolo
